%time,field.header.seq,field.header.stamp,field.header.frame_id,field.ns,field.id,field.type,field.action,field.pose.position.x,field.pose.position.y,field.pose.position.z,field.pose.orientation.x,field.pose.orientation.y,field.pose.orientation.z,field.pose.orientation.w,field.scale.x,field.scale.y,field.scale.z,field.color.r,field.color.g,field.color.b,field.color.a,field.lifetime,field.frame_locked,field.points0.x,field.points0.y,field.points0.z,field.text,field.mesh_resource,field.mesh_use_embedded_materials
1580560104770396213,1,1580560104770104885,/camera_color_optical_frame,marker,0,7,0,0.0,0.0,0.0,0.0,0.0,0.0,0.0,0.07,0.07,0.07,0.0,1.0,0.0,1.0,0,0,-0.135871887207,0.114536456764,0.489000022411,,,0
1580560104818704070,2,1580560104818335056,/camera_color_optical_frame,marker,0,7,0,0.0,0.0,0.0,0.0,0.0,0.0,0.0,0.07,0.07,0.07,0.0,1.0,0.0,1.0,0,0,-0.138404622674,0.115235075355,0.506000041962,,,0
1580560106550381893,3,1580560106550087928,/camera_color_optical_frame,marker,0,7,0,0.0,0.0,0.0,0.0,0.0,0.0,0.0,0.07,0.07,0.07,0.0,1.0,0.0,1.0,0,0,-0.142564475536,0.103255338967,0.476000010967,,,0
1580560106600678593,4,1580560106600425004,/camera_color_optical_frame,marker,0,7,0,0.0,0.0,0.0,0.0,0.0,0.0,0.0,0.07,0.07,0.07,0.0,1.0,0.0,1.0,0,0,-0.142128691077,0.103689186275,0.47800001502,,,0
1580560106654154667,5,1580560106653779983,/camera_color_optical_frame,marker,0,7,0,0.0,0.0,0.0,0.0,0.0,0.0,0.0,0.07,0.07,0.07,0.0,1.0,0.0,1.0,0,0,-0.141093894839,0.101621493697,0.47800001502,,,0
1580560106705171875,6,1580560106704844951,/camera_color_optical_frame,marker,0,7,0,0.0,0.0,0.0,0.0,0.0,0.0,0.0,0.07,0.07,0.07,0.0,1.0,0.0,1.0,0,0,-0.142110154033,0.103109680116,0.485000014305,,,0
1580560106769711768,7,1580560106769315004,/camera_color_optical_frame,marker,0,7,0,0.0,0.0,0.0,0.0,0.0,0.0,0.0,0.07,0.07,0.07,0.0,1.0,0.0,1.0,0,0,-0.142223581672,0.103960067034,0.489000022411,,,0
1580560106821455549,8,1580560106821176052,/camera_color_optical_frame,marker,0,7,0,0.0,0.0,0.0,0.0,0.0,0.0,0.0,0.07,0.07,0.07,0.0,1.0,0.0,1.0,0,0,-0.145859032869,0.107748121023,0.487000018358,,,0
1580560106874336062,9,1580560106874099969,/camera_color_optical_frame,marker,0,7,0,0.0,0.0,0.0,0.0,0.0,0.0,0.0,0.07,0.07,0.07,0.0,1.0,0.0,1.0,0,0,-0.142403170466,0.110680326819,0.486000031233,,,0
1580560106924932658,10,1580560106924652099,/camera_color_optical_frame,marker,0,7,0,0.0,0.0,0.0,0.0,0.0,0.0,0.0,0.07,0.07,0.07,0.0,1.0,0.0,1.0,0,0,-0.140106350183,0.107132978737,0.489000022411,,,0
1580560106975373701,11,1580560106975025892,/camera_color_optical_frame,marker,0,7,0,0.0,0.0,0.0,0.0,0.0,0.0,0.0,0.07,0.07,0.07,0.0,1.0,0.0,1.0,0,0,-0.140679389238,0.106509193778,0.491000026464,,,0
1580560107034354173,12,1580560107034029006,/camera_color_optical_frame,marker,0,7,0,0.0,0.0,0.0,0.0,0.0,0.0,0.0,0.07,0.07,0.07,0.0,1.0,0.0,1.0,0,0,-0.143282204866,0.112421177328,0.489000022411,,,0
1580560107111363918,13,1580560107111118078,/camera_color_optical_frame,marker,0,7,0,0.0,0.0,0.0,0.0,0.0,0.0,0.0,0.07,0.07,0.07,0.0,1.0,0.0,1.0,0,0,-0.143282204866,0.11136353761,0.489000022411,,,0
1580560107172752038,14,1580560107172463893,/camera_color_optical_frame,marker,0,7,0,0.0,0.0,0.0,0.0,0.0,0.0,0.0,0.07,0.07,0.07,0.0,1.0,0.0,1.0,0,0,-0.143575206399,0.111591264606,0.490000009537,,,0
1580560107231787422,15,1580560107231549978,/camera_color_optical_frame,marker,0,7,0,0.0,0.0,0.0,0.0,0.0,0.0,0.0,0.07,0.07,0.07,0.0,1.0,0.0,1.0,0,0,-0.143868222833,0.111819006503,0.491000026464,,,0
1580560107282237368,16,1580560107281984090,/camera_color_optical_frame,marker,0,7,0,0.0,0.0,0.0,0.0,0.0,0.0,0.0,0.07,0.07,0.07,0.0,1.0,0.0,1.0,0,0,-0.143575206399,0.112651079893,0.490000009537,,,0
1580560107330184530,17,1580560107329943895,/camera_color_optical_frame,marker,0,7,0,0.0,0.0,0.0,0.0,0.0,0.0,0.0,0.07,0.07,0.07,0.0,1.0,0.0,1.0,0,0,-0.143575206399,0.111591264606,0.490000009537,,,0
1580560107381029303,18,1580560107380796909,/camera_color_optical_frame,marker,0,7,0,0.0,0.0,0.0,0.0,0.0,0.0,0.0,0.07,0.07,0.07,0.0,1.0,0.0,1.0,0,0,-0.143282204866,0.11136353761,0.489000022411,,,0
1580560107475661924,19,1580560107475382089,/camera_color_optical_frame,marker,0,7,0,0.0,0.0,0.0,0.0,0.0,0.0,0.0,0.07,0.07,0.07,0.0,1.0,0.0,1.0,0,0,-0.143282204866,0.11136353761,0.489000022411,,,0
1580560107528582940,20,1580560107528343915,/camera_color_optical_frame,marker,0,7,0,0.0,0.0,0.0,0.0,0.0,0.0,0.0,0.07,0.07,0.07,0.0,1.0,0.0,1.0,0,0,-0.144635990262,0.112651079893,0.490000009537,,,0
1580560107577775896,21,1580560107577491044,/camera_color_optical_frame,marker,0,7,0,0.0,0.0,0.0,0.0,0.0,0.0,0.0,0.07,0.07,0.07,0.0,1.0,0.0,1.0,0,0,-0.143282204866,0.11136353761,0.489000022411,,,0
1580560107739793844,22,1580560107739459991,/camera_color_optical_frame,marker,0,7,0,0.0,0.0,0.0,0.0,0.0,0.0,0.0,0.07,0.07,0.07,0.0,1.0,0.0,1.0,0,0,-0.142989188433,0.111135803163,0.488000035286,,,0
1580560107788625249,23,1580560107788372039,/camera_color_optical_frame,marker,0,7,0,0.0,0.0,0.0,0.0,0.0,0.0,0.0,0.07,0.07,0.07,0.0,1.0,0.0,1.0,0,0,-0.144045650959,0.111135803163,0.488000035286,,,0
1580560107837211230,24,1580560107836961030,/camera_color_optical_frame,marker,0,7,0,0.0,0.0,0.0,0.0,0.0,0.0,0.0,0.07,0.07,0.07,0.0,1.0,0.0,1.0,0,0,-0.142989188433,0.111135803163,0.488000035286,,,0
1580560107896582669,25,1580560107896328926,/camera_color_optical_frame,marker,0,7,0,0.0,0.0,0.0,0.0,0.0,0.0,0.0,0.07,0.07,0.07,0.0,1.0,0.0,1.0,0,0,-0.142223581672,0.11136353761,0.489000022411,,,0
1580560107956412527,26,1580560107956152915,/camera_color_optical_frame,marker,0,7,0,0.0,0.0,0.0,0.0,0.0,0.0,0.0,0.07,0.07,0.07,0.0,1.0,0.0,1.0,0,0,-0.143282204866,0.11136353761,0.489000022411,,,0
1580560108033544883,27,1580560108033252954,/camera_color_optical_frame,marker,0,7,0,0.0,0.0,0.0,0.0,0.0,0.0,0.0,0.07,0.07,0.07,0.0,1.0,0.0,1.0,0,0,-0.143282204866,0.11136353761,0.489000022411,,,0
1580560108084884082,28,1580560108084604024,/camera_color_optical_frame,marker,0,7,0,0.0,0.0,0.0,0.0,0.0,0.0,0.0,0.07,0.07,0.07,0.0,1.0,0.0,1.0,0,0,-0.143750473857,0.110908061266,0.487000018358,,,0
1580560108141461810,29,1580560108141230106,/camera_color_optical_frame,marker,0,7,0,0.0,0.0,0.0,0.0,0.0,0.0,0.0,0.07,0.07,0.07,0.0,1.0,0.0,1.0,0,0,-0.143750473857,0.110908061266,0.487000018358,,,0
1580560108206731784,30,1580560108206332921,/camera_color_optical_frame,marker,0,7,0,0.0,0.0,0.0,0.0,0.0,0.0,0.0,0.07,0.07,0.07,0.0,1.0,0.0,1.0,0,0,-0.143750473857,0.110908061266,0.487000018358,,,0
1580560108293763615,31,1580560108293395042,/camera_color_optical_frame,marker,0,7,0,0.0,0.0,0.0,0.0,0.0,0.0,0.0,0.07,0.07,0.07,0.0,1.0,0.0,1.0,0,0,-0.144635990262,0.110531464219,0.490000009537,,,0
1580560108343445132,32,1580560108343166112,/camera_color_optical_frame,marker,0,7,0,0.0,0.0,0.0,0.0,0.0,0.0,0.0,0.07,0.07,0.07,0.0,1.0,0.0,1.0,0,0,-0.141252413392,0.106943041086,0.493000030518,,,0
1580560108391761241,33,1580560108391498088,/camera_color_optical_frame,marker,0,7,0,0.0,0.0,0.0,0.0,0.0,0.0,0.0,0.07,0.07,0.07,0.0,1.0,0.0,1.0,0,0,-0.139900788665,0.107790239155,0.49200001359,,,0
1580560108474730733,34,1580560108474468946,/camera_color_optical_frame,marker,0,7,0,0.0,0.0,0.0,0.0,0.0,0.0,0.0,0.07,0.07,0.07,0.0,1.0,0.0,1.0,0,0,-0.140965893865,0.106726109982,0.49200001359,,,0
1580560108535046608,35,1580560108534703016,/camera_color_optical_frame,marker,0,7,0,0.0,0.0,0.0,0.0,0.0,0.0,0.0,0.07,0.07,0.07,0.0,1.0,0.0,1.0,0,0,-0.140965893865,0.107790239155,0.49200001359,,,0
1580560108585865117,36,1580560108585468053,/camera_color_optical_frame,marker,0,7,0,0.0,0.0,0.0,0.0,0.0,0.0,0.0,0.07,0.07,0.07,0.0,1.0,0.0,1.0,0,0,-0.144635990262,0.109471663833,0.490000009537,,,0
1580560108633868633,37,1580560108633502006,/camera_color_optical_frame,marker,0,7,0,0.0,0.0,0.0,0.0,0.0,0.0,0.0,0.07,0.07,0.07,0.0,1.0,0.0,1.0,0,0,-0.142989188433,0.111135803163,0.488000035286,,,0
1580560108684118244,38,1580560108683871030,/camera_color_optical_frame,marker,0,7,0,0.0,0.0,0.0,0.0,0.0,0.0,0.0,0.07,0.07,0.07,0.0,1.0,0.0,1.0,0,0,-0.144045650959,0.111135803163,0.488000035286,,,0
1580560108749648450,39,1580560108749375104,/camera_color_optical_frame,marker,0,7,0,0.0,0.0,0.0,0.0,0.0,0.0,0.0,0.07,0.07,0.07,0.0,1.0,0.0,1.0,0,0,-0.143282204866,0.110305897892,0.489000022411,,,0
1580560108814394554,40,1580560108814141988,/camera_color_optical_frame,marker,0,7,0,0.0,0.0,0.0,0.0,0.0,0.0,0.0,0.07,0.07,0.07,0.0,1.0,0.0,1.0,0,0,-0.144635990262,0.110531464219,0.490000009537,,,0
1580560108869307789,41,1580560108868994951,/camera_color_optical_frame,marker,0,7,0,0.0,0.0,0.0,0.0,0.0,0.0,0.0,0.07,0.07,0.07,0.0,1.0,0.0,1.0,0,0,-0.144340828061,0.11136353761,0.489000022411,,,0
1580560108918033313,42,1580560108917773008,/camera_color_optical_frame,marker,0,7,0,0.0,0.0,0.0,0.0,0.0,0.0,0.0,0.07,0.07,0.07,0.0,1.0,0.0,1.0,0,0,-0.143868222833,0.109695084393,0.491000026464,,,0
1580560108968197243,43,1580560108967845916,/camera_color_optical_frame,marker,0,7,0,0.0,0.0,0.0,0.0,0.0,0.0,0.0,0.07,0.07,0.07,0.0,1.0,0.0,1.0,0,0,-0.140469491482,0.10715995729,0.494000017643,,,0
1580560109026799959,44,1580560109026510953,/camera_color_optical_frame,marker,0,7,0,0.0,0.0,0.0,0.0,0.0,0.0,0.0,0.07,0.07,0.07,0.0,1.0,0.0,1.0,0,0,-0.140185147524,0.106943041086,0.493000030518,,,0
1580560109097212026,45,1580560109096786022,/camera_color_optical_frame,marker,0,7,0,0.0,0.0,0.0,0.0,0.0,0.0,0.0,0.07,0.07,0.07,0.0,1.0,0.0,1.0,0,0,-0.140185147524,0.105876751244,0.493000030518,,,0
1580560109170618989,46,1580560109170265913,/camera_color_optical_frame,marker,0,7,0,0.0,0.0,0.0,0.0,0.0,0.0,0.0,0.07,0.07,0.07,0.0,1.0,0.0,1.0,0,0,-0.13904774189,0.105017706752,0.489000022411,,,0
1580560109219659378,47,1580560109219427108,/camera_color_optical_frame,marker,0,7,0,0.0,0.0,0.0,0.0,0.0,0.0,0.0,0.07,0.07,0.07,0.0,1.0,0.0,1.0,0,0,-0.136427611113,0.103323295712,0.491000026464,,,0
1580560109268460672,48,1580560109268194913,/camera_color_optical_frame,marker,0,7,0,0.0,0.0,0.0,0.0,0.0,0.0,0.0,0.07,0.07,0.07,0.0,1.0,0.0,1.0,0,0,-0.13614974916,0.100993253291,0.490000009537,,,0
1580560109319490747,49,1580560109319144010,/camera_color_optical_frame,marker,0,7,0,0.0,0.0,0.0,0.0,0.0,0.0,0.0,0.07,0.07,0.07,0.0,1.0,0.0,1.0,0,0,-0.135088965297,0.100993253291,0.490000009537,,,0
1580560109393048432,50,1580560109392671108,/camera_color_optical_frame,marker,0,7,0,0.0,0.0,0.0,0.0,0.0,0.0,0.0,0.07,0.07,0.07,0.0,1.0,0.0,1.0,0,0,-0.135316178203,0.0993216186762,0.487000018358,,,0
1580560109459227694,51,1580560109458837985,/camera_color_optical_frame,marker,0,7,0,0.0,0.0,0.0,0.0,0.0,0.0,0.0,0.07,0.07,0.07,0.0,1.0,0.0,1.0,0,0,-0.135038331151,0.0980665236712,0.486000031233,,,0
1580560109539741559,52,1580560109539509057,/camera_color_optical_frame,marker,0,7,0,0.0,0.0,0.0,0.0,0.0,0.0,0.0,0.07,0.07,0.07,0.0,1.0,0.0,1.0,0,0,-0.133159115911,0.0964165106416,0.483000010252,,,0
1580560109590858429,53,1580560109590436935,/camera_color_optical_frame,marker,0,7,0,0.0,0.0,0.0,0.0,0.0,0.0,0.0,0.07,0.07,0.07,0.0,1.0,0.0,1.0,0,0,-0.134204745293,0.0943271890283,0.483000010252,,,0
1580560109637781074,54,1580560109637413978,/camera_color_optical_frame,marker,0,7,0,0.0,0.0,0.0,0.0,0.0,0.0,0.0,0.07,0.07,0.07,0.0,1.0,0.0,1.0,0,0,-0.133159115911,0.0911932066083,0.483000010252,,,0
1580560109687459779,55,1580560109687063932,/camera_color_optical_frame,marker,0,7,0,0.0,0.0,0.0,0.0,0.0,0.0,0.0,0.07,0.07,0.07,0.0,1.0,0.0,1.0,0,0,-0.133481144905,0.0858043804765,0.488000035286,,,0
1580560109760353502,56,1580560109760081052,/camera_color_optical_frame,marker,0,7,0,0.0,0.0,0.0,0.0,0.0,0.0,0.0,0.07,0.07,0.07,0.0,1.0,0.0,1.0,0,0,-0.131368219852,0.0836934298277,0.488000035286,,,0
1580560109824973123,57,1580560109824706077,/camera_color_optical_frame,marker,0,7,0,0.0,0.0,0.0,0.0,0.0,0.0,0.0,0.07,0.07,0.07,0.0,1.0,0.0,1.0,0,0,-0.12977771461,0.0822992771864,0.486000031233,,,0
1580560109885108790,58,1580560109884689092,/camera_color_optical_frame,marker,0,7,0,0.0,0.0,0.0,0.0,0.0,0.0,0.0,0.07,0.07,0.07,0.0,1.0,0.0,1.0,0,0,-0.128725588322,0.081248126924,0.486000031233,,,0
1580560109934975717,59,1580560109934695005,/camera_color_optical_frame,marker,0,7,0,0.0,0.0,0.0,0.0,0.0,0.0,0.0,0.07,0.07,0.07,0.0,1.0,0.0,1.0,0,0,-0.127936184406,0.0793086662889,0.487000018358,,,0
1580560109982116658,60,1580560109981831073,/camera_color_optical_frame,marker,0,7,0,0.0,0.0,0.0,0.0,0.0,0.0,0.0,0.07,0.07,0.07,0.0,1.0,0.0,1.0,0,0,-0.127936184406,0.0782553553581,0.487000018358,,,0
1580560110032027362,61,1580560110031775951,/camera_color_optical_frame,marker,0,7,0,0.0,0.0,0.0,0.0,0.0,0.0,0.0,0.07,0.07,0.07,0.0,1.0,0.0,1.0,0,0,-0.128198891878,0.0773605704308,0.488000035286,,,0
1580560110088573534,62,1580560110088301897,/camera_color_optical_frame,marker,0,7,0,0.0,0.0,0.0,0.0,0.0,0.0,0.0,0.07,0.07,0.07,0.0,1.0,0.0,1.0,0,0,-0.126360803843,0.0768849924207,0.485000014305,,,0
1580560110153767326,63,1580560110153407096,/camera_color_optical_frame,marker,0,7,0,0.0,0.0,0.0,0.0,0.0,0.0,0.0,0.07,0.07,0.07,0.0,1.0,0.0,1.0,0,0,-0.123748481274,0.0755232796073,0.483000010252,,,0
1580560110234214202,64,1580560110233743906,/camera_color_optical_frame,marker,0,7,0,0.0,0.0,0.0,0.0,0.0,0.0,0.0,0.07,0.07,0.07,0.0,1.0,0.0,1.0,0,0,-0.122448809445,0.0753669142723,0.482000023127,,,0
1580560110287243488,65,1580560110286902904,/camera_color_optical_frame,marker,0,7,0,0.0,0.0,0.0,0.0,0.0,0.0,0.0,0.07,0.07,0.07,0.0,1.0,0.0,1.0,0,0,-0.118520349264,0.0671659857035,0.483000010252,,,0
1580560110338663030,66,1580560110338265895,/camera_color_optical_frame,marker,0,7,0,0.0,0.0,0.0,0.0,0.0,0.0,0.0,0.07,0.07,0.07,0.0,1.0,0.0,1.0,0,0,-0.115383468568,0.0640320032835,0.483000010252,,,0
1580560110389498530,67,1580560110389240026,/camera_color_optical_frame,marker,0,7,0,0.0,0.0,0.0,0.0,0.0,0.0,0.0,0.07,0.07,0.07,0.0,1.0,0.0,1.0,0,0,-0.115622356534,0.063117749989,0.48400002718,,,0
1580560110438591522,68,1580560110438338041,/camera_color_optical_frame,marker,0,7,0,0.0,0.0,0.0,0.0,0.0,0.0,0.0,0.07,0.07,0.07,0.0,1.0,0.0,1.0,0,0,-0.115144580603,0.0628569349647,0.482000023127,,,0
1580560110489911325,69,1580560110489576101,/camera_color_optical_frame,marker,0,7,0,0.0,0.0,0.0,0.0,0.0,0.0,0.0,0.07,0.07,0.07,0.0,1.0,0.0,1.0,0,0,-0.114666797221,0.061557944864,0.480000019073,,,0
1580560110546706964,70,1580560110546438932,/camera_color_optical_frame,marker,0,7,0,0.0,0.0,0.0,0.0,0.0,0.0,0.0,0.07,0.07,0.07,0.0,1.0,0.0,1.0,0,0,-0.113390944898,0.0603936910629,0.479000031948,,,0
1580560110612238245,71,1580560110611838102,/camera_color_optical_frame,marker,0,7,0,0.0,0.0,0.0,0.0,0.0,0.0,0.0,0.07,0.07,0.07,0.0,1.0,0.0,1.0,0,0,-0.113864399493,0.058565184474,0.481000036001,,,0
1580560110685064838,72,1580560110684791088,/camera_color_optical_frame,marker,0,7,0,0.0,0.0,0.0,0.0,0.0,0.0,0.0,0.07,0.07,0.07,0.0,1.0,0.0,1.0,0,0,-0.113864399493,0.058565184474,0.481000036001,,,0
1580560110738759877,73,1580560110738272905,/camera_color_optical_frame,marker,0,7,0,0.0,0.0,0.0,0.0,0.0,0.0,0.0,0.07,0.07,0.07,0.0,1.0,0.0,1.0,0,0,-0.113390944898,0.0572856590152,0.479000031948,,,0
1580560110803406855,74,1580560110803065061,/camera_color_optical_frame,marker,0,7,0,0.0,0.0,0.0,0.0,0.0,0.0,0.0,0.07,0.07,0.07,0.0,1.0,0.0,1.0,0,0,-0.114189021289,0.0571660622954,0.47800001502,,,0
1580560110857537265,75,1580560110857108116,/camera_color_optical_frame,marker,0,7,0,0.0,0.0,0.0,0.0,0.0,0.0,0.0,0.07,0.07,0.07,0.0,1.0,0.0,1.0,0,0,-0.112917497754,0.0560147874057,0.477000027895,,,0
1580560110906048043,76,1580560110905602931,/camera_color_optical_frame,marker,0,7,0,0.0,0.0,0.0,0.0,0.0,0.0,0.0,0.07,0.07,0.07,0.0,1.0,0.0,1.0,0,0,-0.112917497754,0.0560147874057,0.477000027895,,,0
1580560110957384001,77,1580560110956980943,/camera_color_optical_frame,marker,0,7,0,0.0,0.0,0.0,0.0,0.0,0.0,0.0,0.07,0.07,0.07,0.0,1.0,0.0,1.0,0,0,-0.111650295556,0.0558973513544,0.476000010967,,,0
1580560111005200066,78,1580560111004956007,/camera_color_optical_frame,marker,0,7,0,0.0,0.0,0.0,0.0,0.0,0.0,0.0,0.07,0.07,0.07,0.0,1.0,0.0,1.0,0,0,-0.111415743828,0.0547525659204,0.475000023842,,,0
1580560111099011167,79,1580560111098779916,/camera_color_optical_frame,marker,0,7,0,0.0,0.0,0.0,0.0,0.0,0.0,0.0,0.07,0.07,0.07,0.0,1.0,0.0,1.0,0,0,-0.111181184649,0.0536120980978,0.474000036716,,,0
1580560111148592016,80,1580560111148350000,/camera_color_optical_frame,marker,0,7,0,0.0,0.0,0.0,0.0,0.0,0.0,0.0,0.07,0.07,0.07,0.0,1.0,0.0,1.0,0,0,-0.104802757502,0.049406863749,0.473000019789,,,0
1580560111197849908,81,1580560111197608947,/camera_color_optical_frame,marker,0,7,0,0.0,0.0,0.0,0.0,0.0,0.0,0.0,0.07,0.07,0.07,0.0,1.0,0.0,1.0,0,0,-0.106398910284,0.0502166599035,0.471000015736,,,0
1580560111258382639,82,1580560111258127927,/camera_color_optical_frame,marker,0,7,0,0.0,0.0,0.0,0.0,0.0,0.0,0.0,0.07,0.07,0.07,0.0,1.0,0.0,1.0,0,0,-0.105379261076,0.0481792427599,0.471000015736,,,0
1580560111319981075,83,1580560111319638013,/camera_color_optical_frame,marker,0,7,0,0.0,0.0,0.0,0.0,0.0,0.0,0.0,0.07,0.07,0.07,0.0,1.0,0.0,1.0,0,0,-0.104931786656,0.0489890426397,0.469000011683,,,0
1580560111380316305,84,1580560111380060911,/camera_color_optical_frame,marker,0,7,0,0.0,0.0,0.0,0.0,0.0,0.0,0.0,0.07,0.07,0.07,0.0,1.0,0.0,1.0,0,0,-0.101085595787,0.0450273230672,0.47000002861,,,0
1580560111451770450,85,1580560111451407909,/camera_color_optical_frame,marker,0,7,0,0.0,0.0,0.0,0.0,0.0,0.0,0.0,0.07,0.07,0.07,0.0,1.0,0.0,1.0,0,0,-0.100068107247,0.0419776886702,0.47000002861,,,0
1580560111509464111,86,1580560111509233951,/camera_color_optical_frame,marker,0,7,0,0.0,0.0,0.0,0.0,0.0,0.0,0.0,0.07,0.07,0.07,0.0,1.0,0.0,1.0,0,0,-0.0982417240739,0.0390108786523,0.471000015736,,,0
1580560111575823624,87,1580560111575489044,/camera_color_optical_frame,marker,0,7,0,0.0,0.0,0.0,0.0,0.0,0.0,0.0,0.07,0.07,0.07,0.0,1.0,0.0,1.0,0,0,-0.0957939177752,0.0388452298939,0.469000011683,,,0
1580560111639026691,88,1580560111638638019,/camera_color_optical_frame,marker,0,7,0,0.0,0.0,0.0,0.0,0.0,0.0,0.0,0.07,0.07,0.07,0.0,1.0,0.0,1.0,0,0,-0.0947786048055,0.0368164628744,0.469000011683,,,0
1580560111691726290,89,1580560111691487073,/camera_color_optical_frame,marker,0,7,0,0.0,0.0,0.0,0.0,0.0,0.0,0.0,0.07,0.07,0.07,0.0,1.0,0.0,1.0,0,0,-0.0897020101547,0.0358020812273,0.469000011683,,,0
1580560111747237067,90,1580560111746968984,/camera_color_optical_frame,marker,0,7,0,0.0,0.0,0.0,0.0,0.0,0.0,0.0,0.07,0.07,0.07,0.0,1.0,0.0,1.0,0,0,-0.0858233422041,0.0338453352451,0.47000002861,,,0
1580560111801308493,91,1580560111800956010,/camera_color_optical_frame,marker,0,7,0,0.0,0.0,0.0,0.0,0.0,0.0,0.0,0.07,0.07,0.07,0.0,1.0,0.0,1.0,0,0,-0.0836100950837,0.0347877033055,0.469000011683,,,0
1580560111851389712,92,1580560111851054906,/camera_color_optical_frame,marker,0,7,0,0.0,0.0,0.0,0.0,0.0,0.0,0.0,0.07,0.07,0.07,0.0,1.0,0.0,1.0,0,0,-0.0836100950837,0.0358020812273,0.469000011683,,,0
1580560111902532615,93,1580560111902189016,/camera_color_optical_frame,marker,0,7,0,0.0,0.0,0.0,0.0,0.0,0.0,0.0,0.07,0.07,0.07,0.0,1.0,0.0,1.0,0,0,-0.0805641487241,0.0347877033055,0.469000011683,,,0
1580560111952997001,94,1580560111952543020,/camera_color_optical_frame,marker,0,7,0,0.0,0.0,0.0,0.0,0.0,0.0,0.0,0.07,0.07,0.07,0.0,1.0,0.0,1.0,0,0,-0.0802205875516,0.0346393547952,0.467000007629,,,0
1580560112000723399,95,1580560112000472068,/camera_color_optical_frame,marker,0,7,0,0.0,0.0,0.0,0.0,0.0,0.0,0.0,0.07,0.07,0.07,0.0,1.0,0.0,1.0,0,0,-0.0783660560846,0.0337013117969,0.468000024557,,,0
1580560112051685960,96,1580560112051314115,/camera_color_optical_frame,marker,0,7,0,0.0,0.0,0.0,0.0,0.0,0.0,0.0,0.07,0.07,0.07,0.0,1.0,0.0,1.0,0,0,-0.0783660560846,0.0316768698394,0.468000024557,,,0
1580560112188840849,97,1580560112188443899,/camera_color_optical_frame,marker,0,7,0,0.0,0.0,0.0,0.0,0.0,0.0,0.0,0.07,0.07,0.07,0.0,1.0,0.0,1.0,0,0,-0.0773529037833,0.030664652586,0.468000024557,,,0
1580560112244497982,98,1580560112244267940,/camera_color_optical_frame,marker,0,7,0,0.0,0.0,0.0,0.0,0.0,0.0,0.0,0.07,0.07,0.07,0.0,1.0,0.0,1.0,0,0,-0.0724415928125,0.0236295051873,0.469000011683,,,0
1580560112293159800,99,1580560112292753934,/camera_color_optical_frame,marker,0,7,0,0.0,0.0,0.0,0.0,0.0,0.0,0.0,0.07,0.07,0.07,0.0,1.0,0.0,1.0,0,0,-0.0727505162358,0.0227115638554,0.471000015736,,,0
1580560112342448653,100,1580560112342190027,/camera_color_optical_frame,marker,0,7,0,0.0,0.0,0.0,0.0,0.0,0.0,0.0,0.07,0.07,0.07,0.0,1.0,0.0,1.0,0,0,-0.0705610886216,0.0236798878759,0.47000002861,,,0
1580560112392575831,101,1580560112392219066,/camera_color_optical_frame,marker,0,7,0,0.0,0.0,0.0,0.0,0.0,0.0,0.0,0.07,0.07,0.07,0.0,1.0,0.0,1.0,0,0,-0.0696915686131,0.0227115638554,0.471000015736,,,0
1580560112444454183,102,1580560112444219112,/camera_color_optical_frame,marker,0,7,0,0.0,0.0,0.0,0.0,0.0,0.0,0.0,0.07,0.07,0.07,0.0,1.0,0.0,1.0,0,0,-0.0698395371437,0.0207180436701,0.472000032663,,,0
1580560112539068956,103,1580560112538817882,/camera_color_optical_frame,marker,0,7,0,0.0,0.0,0.0,0.0,0.0,0.0,0.0,0.07,0.07,0.07,0.0,1.0,0.0,1.0,0,0,-0.0689635202289,0.020761936903,0.473000019789,,,0
1580560112598763751,104,1580560112598403930,/camera_color_optical_frame,marker,0,7,0,0.0,0.0,0.0,0.0,0.0,0.0,0.0,0.07,0.07,0.07,0.0,1.0,0.0,1.0,0,0,-0.0555341541767,0.0156136928126,0.472000032663,,,0
1580560112650639042,105,1580560112650243997,/camera_color_optical_frame,marker,0,7,0,0.0,0.0,0.0,0.0,0.0,0.0,0.0,0.07,0.07,0.07,0.0,1.0,0.0,1.0,0,0,-0.054396841675,0.0165993198752,0.471000015736,,,0
1580560112703380492,106,1580560112703138113,/camera_color_optical_frame,marker,0,7,0,0.0,0.0,0.0,0.0,0.0,0.0,0.0,0.07,0.07,0.07,0.0,1.0,0.0,1.0,0,0,-0.0555341541767,0.0156136928126,0.472000032663,,,0
1580560112781203857,107,1580560112780920982,/camera_color_optical_frame,marker,0,7,0,0.0,0.0,0.0,0.0,0.0,0.0,0.0,0.07,0.07,0.07,0.0,1.0,0.0,1.0,0,0,-0.0481764525175,0.0155475325882,0.47000002861,,,0
1580560112831494669,108,1580560112831135034,/camera_color_optical_frame,marker,0,7,0,0.0,0.0,0.0,0.0,0.0,0.0,0.0,0.07,0.07,0.07,0.0,1.0,0.0,1.0,0,0,-0.0429973527789,0.0155144520104,0.469000011683,,,0
1580560112880584586,109,1580560112880295991,/camera_color_optical_frame,marker,0,7,0,0.0,0.0,0.0,0.0,0.0,0.0,0.0,0.07,0.07,0.07,0.0,1.0,0.0,1.0,0,0,-0.0420715510845,0.013514444232,0.47000002861,,,0
1580560112930587740,110,1580560112930294990,/camera_color_optical_frame,marker,0,7,0,0.0,0.0,0.0,0.0,0.0,0.0,0.0,0.07,0.07,0.07,0.0,1.0,0.0,1.0,0,0,-0.0420715510845,0.013514444232,0.47000002861,,,0
1580560112998222576,111,1580560112997946023,/camera_color_optical_frame,marker,0,7,0,0.0,0.0,0.0,0.0,0.0,0.0,0.0,0.07,0.07,0.07,0.0,1.0,0.0,1.0,0,0,-0.0431807115674,0.0104870758951,0.471000015736,,,0
1580560113071447568,112,1580560113071208000,/camera_color_optical_frame,marker,0,7,0,0.0,0.0,0.0,0.0,0.0,0.0,0.0,0.07,0.07,0.07,0.0,1.0,0.0,1.0,0,0,-0.0413161143661,0.010531607084,0.473000019789,,,0
1580560113137199669,113,1580560113136934995,/camera_color_optical_frame,marker,0,7,0,0.0,0.0,0.0,0.0,0.0,0.0,0.0,0.07,0.07,0.07,0.0,1.0,0.0,1.0,0,0,-0.0391851402819,0.0115302121267,0.472000032663,,,0
1580560113191815190,114,1580560113191574096,/camera_color_optical_frame,marker,0,7,0,0.0,0.0,0.0,0.0,0.0,0.0,0.0,0.07,0.07,0.07,0.0,1.0,0.0,1.0,0,0,-0.0394341982901,0.00954877957702,0.475000023842,,,0
1580560113243894643,115,1580560113243652105,/camera_color_optical_frame,marker,0,7,0,0.0,0.0,0.0,0.0,0.0,0.0,0.0,0.07,0.07,0.07,0.0,1.0,0.0,1.0,0,0,-0.033194322139,0.00952867697924,0.474000036716,,,0
1580560113294677244,116,1580560113294267892,/camera_color_optical_frame,marker,0,7,0,0.0,0.0,0.0,0.0,0.0,0.0,0.0,0.07,0.07,0.07,0.0,1.0,0.0,1.0,0,0,-0.0311420373619,0.00850348174572,0.474000036716,,,0
1580560113344806437,117,1580560113344521045,/camera_color_optical_frame,marker,0,7,0,0.0,0.0,0.0,0.0,0.0,0.0,0.0,0.07,0.07,0.07,0.0,1.0,0.0,1.0,0,0,-0.030179426074,0.00749406265095,0.475000023842,,,0
1580560113397676417,118,1580560113397394895,/camera_color_optical_frame,marker,0,7,0,0.0,0.0,0.0,0.0,0.0,0.0,0.0,0.07,0.07,0.07,0.0,1.0,0.0,1.0,0,0,-0.0281820166856,0.00853936094791,0.476000010967,,,0
1580560113475677216,119,1580560113475389003,/camera_color_optical_frame,marker,0,7,0,0.0,0.0,0.0,0.0,0.0,0.0,0.0,0.07,0.07,0.07,0.0,1.0,0.0,1.0,0,0,-0.0271515455097,0.00853936094791,0.476000010967,,,0
1580560113526680213,120,1580560113526264905,/camera_color_optical_frame,marker,0,7,0,0.0,0.0,0.0,0.0,0.0,0.0,0.0,0.07,0.07,0.07,0.0,1.0,0.0,1.0,0,0,-0.0251960214227,0.00754139339551,0.47800001502,,,0
1580560113581900194,121,1580560113581480979,/camera_color_optical_frame,marker,0,7,0,0.0,0.0,0.0,0.0,0.0,0.0,0.0,0.07,0.07,0.07,0.0,1.0,0.0,1.0,0,0,-0.0221840497106,0.00757294753566,0.480000019073,,,0
1580560113647231642,122,1580560113646995067,/camera_color_optical_frame,marker,0,7,0,0.0,0.0,0.0,0.0,0.0,0.0,0.0,0.07,0.07,0.07,0.0,1.0,0.0,1.0,0,0,-0.0201057847589,0.00653477432206,0.480000019073,,,0
1580560113783033693,123,1580560113782644033,/camera_color_optical_frame,marker,0,7,0,0.0,0.0,0.0,0.0,0.0,0.0,0.0,0.07,0.07,0.07,0.0,1.0,0.0,1.0,0,0,-0.0180275216699,0.00653477432206,0.480000019073,,,0
1580560113836423486,124,1580560113836071968,/camera_color_optical_frame,marker,0,7,0,0.0,0.0,0.0,0.0,0.0,0.0,0.0,0.07,0.07,0.07,0.0,1.0,0.0,1.0,0,0,-0.00654209265485,0.00853936094791,0.476000010967,,,0
1580560113883988636,125,1580560113883649110,/camera_color_optical_frame,marker,0,7,0,0.0,0.0,0.0,0.0,0.0,0.0,0.0,0.07,0.07,0.07,0.0,1.0,0.0,1.0,0,0,-0.0055116196163,0.00853936094791,0.476000010967,,,0
1580560113933543258,126,1580560113933268070,/camera_color_optical_frame,marker,0,7,0,0.0,0.0,0.0,0.0,0.0,0.0,0.0,0.07,0.07,0.07,0.0,1.0,0.0,1.0,0,0,-0.00345067447051,0.00956888217479,0.476000010967,,,0
1580560113998292959,127,1580560113998034000,/camera_color_optical_frame,marker,0,7,0,0.0,0.0,0.0,0.0,0.0,0.0,0.0,0.07,0.07,0.07,0.0,1.0,0.0,1.0,0,0,-0.0013897290919,0.00956888217479,0.476000010967,,,0
1580560114064836620,128,1580560114064548969,/camera_color_optical_frame,marker,0,7,0,0.0,0.0,0.0,0.0,0.0,0.0,0.0,0.07,0.07,0.07,0.0,1.0,0.0,1.0,0,0,0.000672626192681,0.00855730101466,0.477000027895,,,0
1580560114155566960,129,1580560114155324935,/camera_color_optical_frame,marker,0,7,0,0.0,0.0,0.0,0.0,0.0,0.0,0.0,0.07,0.07,0.07,0.0,1.0,0.0,1.0,0,0,0.0017052636249,0.00958898477256,0.477000027895,,,0
1580560114206695601,130,1580560114206427097,/camera_color_optical_frame,marker,0,7,0,0.0,0.0,0.0,0.0,0.0,0.0,0.0,0.07,0.07,0.07,0.0,1.0,0.0,1.0,0,0,0.00582357915118,0.00853936094791,0.476000010967,,,0
1580560114260684626,131,1580560114260452985,/camera_color_optical_frame,marker,0,7,0,0.0,0.0,0.0,0.0,0.0,0.0,0.0,0.07,0.07,0.07,0.0,1.0,0.0,1.0,0,0,0.00685405172408,0.00853936094791,0.476000010967,,,0
1580560114335599145,132,1580560114335350990,/camera_color_optical_frame,marker,0,7,0,0.0,0.0,0.0,0.0,0.0,0.0,0.0,0.07,0.07,0.07,0.0,1.0,0.0,1.0,0,0,0.00786796119064,0.0116034969687,0.475000023842,,,0
1580560114388062251,133,1580560114387818098,/camera_color_optical_frame,marker,0,7,0,0.0,0.0,0.0,0.0,0.0,0.0,0.0,0.07,0.07,0.07,0.0,1.0,0.0,1.0,0,0,0.00788452476263,0.0116279255599,0.476000010967,,,0
1580560114447647081,134,1580560114447396039,/camera_color_optical_frame,marker,0,7,0,0.0,0.0,0.0,0.0,0.0,0.0,0.0,0.07,0.07,0.07,0.0,1.0,0.0,1.0,0,0,0.00788452476263,0.0116279255599,0.476000010967,,,0
1580560114513202386,135,1580560114512913942,/camera_color_optical_frame,marker,0,7,0,0.0,0.0,0.0,0.0,0.0,0.0,0.0,0.07,0.07,0.07,0.0,1.0,0.0,1.0,0,0,0.00891499686986,0.0116279255599,0.476000010967,,,0
1580560114591587680,136,1580560114591239929,/camera_color_optical_frame,marker,0,7,0,0.0,0.0,0.0,0.0,0.0,0.0,0.0,0.07,0.07,0.07,0.0,1.0,0.0,1.0,0,0,0.00891499686986,0.0116279255599,0.476000010967,,,0
1580560114645941066,137,1580560114645536899,/camera_color_optical_frame,marker,0,7,0,0.0,0.0,0.0,0.0,0.0,0.0,0.0,0.07,0.07,0.07,0.0,1.0,0.0,1.0,0,0,0.00996636413038,0.011652354151,0.477000027895,,,0
1580560114704421151,138,1580560114704159975,/camera_color_optical_frame,marker,0,7,0,0.0,0.0,0.0,0.0,0.0,0.0,0.0,0.07,0.07,0.07,0.0,1.0,0.0,1.0,0,0,0.01309166383,0.0127106299624,0.47800001502,,,0
1580560114756256088,139,1580560114756006002,/camera_color_optical_frame,marker,0,7,0,0.0,0.0,0.0,0.0,0.0,0.0,0.0,0.07,0.07,0.07,0.0,1.0,0.0,1.0,0,0,0.0171948280185,0.0137157235295,0.477000027895,,,0
1580560114809446603,140,1580560114809041976,/camera_color_optical_frame,marker,0,7,0,0.0,0.0,0.0,0.0,0.0,0.0,0.0,0.07,0.07,0.07,0.0,1.0,0.0,1.0,0,0,0.0171948280185,0.0147474072874,0.477000027895,,,0
1580560114860305377,141,1580560114860054016,/camera_color_optical_frame,marker,0,7,0,0.0,0.0,0.0,0.0,0.0,0.0,0.0,0.07,0.07,0.07,0.0,1.0,0.0,1.0,0,0,0.0182274635881,0.0147474072874,0.477000027895,,,0
1580560114911838373,142,1580560114911590099,/camera_color_optical_frame,marker,0,7,0,0.0,0.0,0.0,0.0,0.0,0.0,0.0,0.07,0.07,0.07,0.0,1.0,0.0,1.0,0,0,0.0212806686759,0.0157460123301,0.476000010967,,,0
1580560114967312589,143,1580560114967053890,/camera_color_optical_frame,marker,0,7,0,0.0,0.0,0.0,0.0,0.0,0.0,0.0,0.07,0.07,0.07,0.0,1.0,0.0,1.0,0,0,0.0223111398518,0.0157460123301,0.476000010967,,,0
1580560115014386200,144,1580560115014096021,/camera_color_optical_frame,marker,0,7,0,0.0,0.0,0.0,0.0,0.0,0.0,0.0,0.07,0.07,0.07,0.0,1.0,0.0,1.0,0,0,0.0243720859289,0.0167755335569,0.476000010967,,,0
1580560115074104602,145,1580560115073818922,/camera_color_optical_frame,marker,0,7,0,0.0,0.0,0.0,0.0,0.0,0.0,0.0,0.07,0.07,0.07,0.0,1.0,0.0,1.0,0,0,0.0243208855391,0.0167402923107,0.475000023842,,,0
1580560115142461960,146,1580560115142047882,/camera_color_optical_frame,marker,0,7,0,0.0,0.0,0.0,0.0,0.0,0.0,0.0,0.07,0.07,0.07,0.0,1.0,0.0,1.0,0,0,0.0254559256136,0.0178424604237,0.477000027895,,,0
1580560115193066578,147,1580560115192711114,/camera_color_optical_frame,marker,0,7,0,0.0,0.0,0.0,0.0,0.0,0.0,0.0,0.07,0.07,0.07,0.0,1.0,0.0,1.0,0,0,0.026655158028,0.018992850557,0.480000019073,,,0
1580560115253828666,148,1580560115253544092,/camera_color_optical_frame,marker,0,7,0,0.0,0.0,0.0,0.0,0.0,0.0,0.0,0.07,0.07,0.07,0.0,1.0,0.0,1.0,0,0,0.0336463414133,0.0188345760107,0.476000010967,,,0
1580560115307593472,149,1580560115307277917,/camera_color_optical_frame,marker,0,7,0,0.0,0.0,0.0,0.0,0.0,0.0,0.0,0.07,0.07,0.07,0.0,1.0,0.0,1.0,0,0,0.0346768125892,0.0198640991002,0.476000010967,,,0
1580560115362414011,150,1580560115362010955,/camera_color_optical_frame,marker,0,7,0,0.0,0.0,0.0,0.0,0.0,0.0,0.0,0.07,0.07,0.07,0.0,1.0,0.0,1.0,0,0,0.0366605781019,0.0249591618776,0.475000023842,,,0
1580560115413389483,151,1580560115413033962,/camera_color_optical_frame,marker,0,7,0,0.0,0.0,0.0,0.0,0.0,0.0,0.0,0.07,0.07,0.07,0.0,1.0,0.0,1.0,0,0,0.0366605781019,0.0239318013191,0.475000023842,,,0
1580560115467211651,152,1580560115466914892,/camera_color_optical_frame,marker,0,7,0,0.0,0.0,0.0,0.0,0.0,0.0,0.0,0.07,0.07,0.07,0.0,1.0,0.0,1.0,0,0,0.0387987047434,0.0239821840078,0.476000010967,,,0
1580560115523574050,153,1580560115523308992,/camera_color_optical_frame,marker,0,7,0,0.0,0.0,0.0,0.0,0.0,0.0,0.0,0.07,0.07,0.07,0.0,1.0,0.0,1.0,0,0,0.0389617234468,0.0199475605041,0.47800001502,,,0
1580560115578666243,154,1580560115578433036,/camera_color_optical_frame,marker,0,7,0,0.0,0.0,0.0,0.0,0.0,0.0,0.0,0.07,0.07,0.07,0.0,1.0,0.0,1.0,0,0,0.043191101402,0.0220613125712,0.479000031948,,,0
1580560115639375226,155,1580560115639102935,/camera_color_optical_frame,marker,0,7,0,0.0,0.0,0.0,0.0,0.0,0.0,0.0,0.07,0.07,0.07,0.0,1.0,0.0,1.0,0,0,0.046108674258,0.0230008829385,0.477000027895,,,0
1580560115704288825,156,1580560115703736066,/camera_color_optical_frame,marker,0,7,0,0.0,0.0,0.0,0.0,0.0,0.0,0.0,0.07,0.07,0.07,0.0,1.0,0.0,1.0,0,0,0.0524141527712,0.0251167975366,0.47800001502,,,0
1580560115760199463,157,1580560115759938001,/camera_color_optical_frame,marker,0,7,0,0.0,0.0,0.0,0.0,0.0,0.0,0.0,0.07,0.07,0.07,0.0,1.0,0.0,1.0,0,0,0.0614690966904,0.0291297920048,0.476000010967,,,0
1580560115815449914,158,1580560115815032005,/camera_color_optical_frame,marker,0,7,0,0.0,0.0,0.0,0.0,0.0,0.0,0.0,0.07,0.07,0.07,0.0,1.0,0.0,1.0,0,0,0.0645605176687,0.0301593132317,0.476000010967,,,0
1580560115865815071,159,1580560115865528106,/camera_color_optical_frame,marker,0,7,0,0.0,0.0,0.0,0.0,0.0,0.0,0.0,0.07,0.07,0.07,0.0,1.0,0.0,1.0,0,0,0.066481500864,0.0311233121902,0.475000023842,,,0
1580560115917194803,160,1580560115916795015,/camera_color_optical_frame,marker,0,7,0,0.0,0.0,0.0,0.0,0.0,0.0,0.0,0.07,0.07,0.07,0.0,1.0,0.0,1.0,0,0,0.0675098150969,0.0311233121902,0.475000023842,,,0
1580560115968450595,161,1580560115968178033,/camera_color_optical_frame,marker,0,7,0,0.0,0.0,0.0,0.0,0.0,0.0,0.0,0.07,0.07,0.07,0.0,1.0,0.0,1.0,0,0,0.0714722573757,0.0320829860866,0.474000036716,,,0
1580560116021747020,162,1580560116021266937,/camera_color_optical_frame,marker,0,7,0,0.0,0.0,0.0,0.0,0.0,0.0,0.0,0.07,0.07,0.07,0.0,1.0,0.0,1.0,0,0,0.0750225260854,0.034349411726,0.477000027895,,,0
1580560116072392001,163,1580560116072118997,/camera_color_optical_frame,marker,0,7,0,0.0,0.0,0.0,0.0,0.0,0.0,0.0,0.07,0.07,0.07,0.0,1.0,0.0,1.0,0,0,0.0751798078418,0.0333875752985,0.47800001502,,,0
1580560116131039762,164,1580560116130770921,/camera_color_optical_frame,marker,0,7,0,0.0,0.0,0.0,0.0,0.0,0.0,0.0,0.07,0.07,0.07,0.0,1.0,0.0,1.0,0,0,0.0789871364832,0.0342774018645,0.476000010967,,,0
1580560116190552845,165,1580560116190176963,/camera_color_optical_frame,marker,0,7,0,0.0,0.0,0.0,0.0,0.0,0.0,0.0,0.07,0.07,0.07,0.0,1.0,0.0,1.0,0,0,0.0801857188344,0.0353810973465,0.477000027895,,,0
1580560116247172472,166,1580560116246907949,/camera_color_optical_frame,marker,0,7,0,0.0,0.0,0.0,0.0,0.0,0.0,0.0,0.07,0.07,0.07,0.0,1.0,0.0,1.0,0,0,0.0808778107166,0.0362601056695,0.475000023842,,,0
1580560116309508779,167,1580560116309124946,/camera_color_optical_frame,marker,0,7,0,0.0,0.0,0.0,0.0,0.0,0.0,0.0,0.07,0.07,0.07,0.0,1.0,0.0,1.0,0,0,0.081048078835,0.036336440593,0.476000010967,,,0
1580560116363748068,168,1580560116363468885,/camera_color_optical_frame,marker,0,7,0,0.0,0.0,0.0,0.0,0.0,0.0,0.0,0.07,0.07,0.07,0.0,1.0,0.0,1.0,0,0,0.0808778107166,0.0372874625027,0.475000023842,,,0
1580560116415741082,169,1580560116415440082,/camera_color_optical_frame,marker,0,7,0,0.0,0.0,0.0,0.0,0.0,0.0,0.0,0.07,0.07,0.07,0.0,1.0,0.0,1.0,0,0,0.0839627385139,0.0372874625027,0.475000023842,,,0
1580560116469973435,170,1580560116469623088,/camera_color_optical_frame,marker,0,7,0,0.0,0.0,0.0,0.0,0.0,0.0,0.0,0.07,0.07,0.07,0.0,1.0,0.0,1.0,0,0,0.0849910452962,0.0362601056695,0.475000023842,,,0
1580560116524479100,171,1580560116524224042,/camera_color_optical_frame,marker,0,7,0,0.0,0.0,0.0,0.0,0.0,0.0,0.0,0.07,0.07,0.07,0.0,1.0,0.0,1.0,0,0,0.0849910452962,0.0372874625027,0.475000023842,,,0
1580560116575598831,172,1580560116575365066,/camera_color_optical_frame,marker,0,7,0,0.0,0.0,0.0,0.0,0.0,0.0,0.0,0.07,0.07,0.07,0.0,1.0,0.0,1.0,0,0,0.0841395035386,0.0373659618199,0.476000010967,,,0
1580560116626950474,173,1580560116626563072,/camera_color_optical_frame,marker,0,7,0,0.0,0.0,0.0,0.0,0.0,0.0,0.0,0.07,0.07,0.07,0.0,1.0,0.0,1.0,0,0,0.0843162685633,0.0374444648623,0.477000027895,,,0
1580560116689722719,174,1580560116689403057,/camera_color_optical_frame,marker,0,7,0,0.0,0.0,0.0,0.0,0.0,0.0,0.0,0.07,0.07,0.07,0.0,1.0,0.0,1.0,0,0,0.0851699709892,0.0373659618199,0.476000010967,,,0
1580560116751746935,175,1580560116751377105,/camera_color_optical_frame,marker,0,7,0,0.0,0.0,0.0,0.0,0.0,0.0,0.0,0.07,0.07,0.07,0.0,1.0,0.0,1.0,0,0,0.0875974297523,0.0364891178906,0.47800001502,,,0
1580560116814936864,176,1580560116814677953,/camera_color_optical_frame,marker,0,7,0,0.0,0.0,0.0,0.0,0.0,0.0,0.0,0.07,0.07,0.07,0.0,1.0,0.0,1.0,0,0,0.0896670371294,0.0364891178906,0.47800001502,,,0
1580560116877975593,177,1580560116877579927,/camera_color_optical_frame,marker,0,7,0,0.0,0.0,0.0,0.0,0.0,0.0,0.0,0.07,0.07,0.07,0.0,1.0,0.0,1.0,0,0,0.0927714407444,0.0375229641795,0.47800001502,,,0
1580560116947969596,178,1580560116947731971,/camera_color_optical_frame,marker,0,7,0,0.0,0.0,0.0,0.0,0.0,0.0,0.0,0.07,0.07,0.07,0.0,1.0,0.0,1.0,0,0,0.100015059114,0.0354552716017,0.47800001502,,,0
1580560116997534214,179,1580560116997308015,/camera_color_optical_frame,marker,0,7,0,0.0,0.0,0.0,0.0,0.0,0.0,0.0,0.07,0.07,0.07,0.0,1.0,0.0,1.0,0,0,0.104154266417,0.0364891178906,0.47800001502,,,0
1580560117117467810,180,1580560117117105960,/camera_color_optical_frame,marker,0,7,0,0.0,0.0,0.0,0.0,0.0,0.0,0.0,0.07,0.07,0.07,0.0,1.0,0.0,1.0,0,0,0.103550933301,0.0356036201119,0.480000019073,,,0
1580560117167249521,181,1580560117166976928,/camera_color_optical_frame,marker,0,7,0,0.0,0.0,0.0,0.0,0.0,0.0,0.0,0.07,0.07,0.07,0.0,1.0,0.0,1.0,0,0,0.106223873794,0.0364891178906,0.47800001502,,,0
1580560117244969089,182,1580560117244703054,/camera_color_optical_frame,marker,0,7,0,0.0,0.0,0.0,0.0,0.0,0.0,0.0,0.07,0.07,0.07,0.0,1.0,0.0,1.0,0,0,0.107931859791,0.0377584658563,0.481000036001,,,0
1580560117352619427,183,1580560117352161884,/camera_color_optical_frame,marker,0,7,0,0.0,0.0,0.0,0.0,0.0,0.0,0.0,0.07,0.07,0.07,0.0,1.0,0.0,1.0,0,0,0.109879367054,0.0391214489937,0.485000014305,,,0
1580560117406401336,184,1580560117406163930,/camera_color_optical_frame,marker,0,7,0,0.0,0.0,0.0,0.0,0.0,0.0,0.0,0.07,0.07,0.07,0.0,1.0,0.0,1.0,0,0,0.116503931582,0.0440919548273,0.482000023127,,,0
1580560117454016152,185,1580560117453697919,/camera_color_optical_frame,marker,0,7,0,0.0,0.0,0.0,0.0,0.0,0.0,0.0,0.07,0.07,0.07,0.0,1.0,0.0,1.0,0,0,0.118836894631,0.0452280938625,0.483000010252,,,0
1580560117504201473,186,1580560117503865957,/camera_color_optical_frame,marker,0,7,0,0.0,0.0,0.0,0.0,0.0,0.0,0.0,0.07,0.07,0.07,0.0,1.0,0.0,1.0,0,0,0.122510008514,0.0460811518133,0.481000036001,,,0
1580560117552469855,187,1580560117552098989,/camera_color_optical_frame,marker,0,7,0,0.0,0.0,0.0,0.0,0.0,0.0,0.0,0.07,0.07,0.07,0.0,1.0,0.0,1.0,0,0,0.122510008514,0.0471214875579,0.481000036001,,,0
1580560117610252246,188,1580560117609992980,/camera_color_optical_frame,marker,0,7,0,0.0,0.0,0.0,0.0,0.0,0.0,0.0,0.07,0.07,0.07,0.0,1.0,0.0,1.0,0,0,0.125110656023,0.0483620762825,0.483000010252,,,0
1580560117665907863,189,1580560117665416955,/camera_color_optical_frame,marker,0,7,0,0.0,0.0,0.0,0.0,0.0,0.0,0.0,0.07,0.07,0.07,0.0,1.0,0.0,1.0,0,0,0.131607487798,0.0532525591552,0.480000019073,,,0
1580560117719411636,190,1580560117719105958,/camera_color_optical_frame,marker,0,7,0,0.0,0.0,0.0,0.0,0.0,0.0,0.0,0.07,0.07,0.07,0.0,1.0,0.0,1.0,0,0,0.131607487798,0.0542907305062,0.480000019073,,,0
1580560117770863203,191,1580560117770590066,/camera_color_optical_frame,marker,0,7,0,0.0,0.0,0.0,0.0,0.0,0.0,0.0,0.07,0.07,0.07,0.0,1.0,0.0,1.0,0,0,0.132922977209,0.0554441772401,0.481000036001,,,0
1580560117820100380,192,1580560117819854021,/camera_color_optical_frame,marker,0,7,0,0.0,0.0,0.0,0.0,0.0,0.0,0.0,0.07,0.07,0.07,0.0,1.0,0.0,1.0,0,0,0.132922977209,0.0575248487294,0.481000036001,,,0
1580560117873055119,193,1580560117872684001,/camera_color_optical_frame,marker,0,7,0,0.0,0.0,0.0,0.0,0.0,0.0,0.0,0.07,0.07,0.07,0.0,1.0,0.0,1.0,0,0,0.134444221854,0.0593576766551,0.479000031948,,,0
1580560117923682517,194,1580560117923402070,/camera_color_optical_frame,marker,0,7,0,0.0,0.0,0.0,0.0,0.0,0.0,0.0,0.07,0.07,0.07,0.0,1.0,0.0,1.0,0,0,0.139629051089,0.0603936910629,0.479000031948,,,0
1580560117977811795,195,1580560117977559089,/camera_color_optical_frame,marker,0,7,0,0.0,0.0,0.0,0.0,0.0,0.0,0.0,0.07,0.07,0.07,0.0,1.0,0.0,1.0,0,0,0.142441958189,0.0633691474795,0.47800001502,,,0
1580560118026501509,196,1580560118026245117,/camera_color_optical_frame,marker,0,7,0,0.0,0.0,0.0,0.0,0.0,0.0,0.0,0.07,0.07,0.07,0.0,1.0,0.0,1.0,0,0,0.142143964767,0.0683950036764,0.477000027895,,,0
1580560118082793627,197,1580560118082422018,/camera_color_optical_frame,marker,0,7,0,0.0,0.0,0.0,0.0,0.0,0.0,0.0,0.07,0.07,0.07,0.0,1.0,0.0,1.0,0,0,0.143176615238,0.0683950036764,0.477000027895,,,0
1580560118135703822,198,1580560118135421037,/camera_color_optical_frame,marker,0,7,0,0.0,0.0,0.0,0.0,0.0,0.0,0.0,0.07,0.07,0.07,0.0,1.0,0.0,1.0,0,0,0.144511565566,0.0695722326636,0.47800001502,,,0
1580560118213046370,199,1580560118212794065,/camera_color_optical_frame,marker,0,7,0,0.0,0.0,0.0,0.0,0.0,0.0,0.0,0.07,0.07,0.07,0.0,1.0,0.0,1.0,0,0,0.145241886377,0.0704583674669,0.477000027895,,,0
1580560118355491932,200,1580560118355249881,/camera_color_optical_frame,marker,0,7,0,0.0,0.0,0.0,0.0,0.0,0.0,0.0,0.07,0.07,0.07,0.0,1.0,0.0,1.0,0,0,0.146459847689,0.0720895528793,0.481000036001,,,0
1580560118404744620,201,1580560118404362916,/camera_color_optical_frame,marker,0,7,0,0.0,0.0,0.0,0.0,0.0,0.0,0.0,0.07,0.07,0.07,0.0,1.0,0.0,1.0,0,0,0.148961767554,0.0759338364005,0.479000031948,,,0
1580560118457768543,202,1580560118457406044,/camera_color_optical_frame,marker,0,7,0,0.0,0.0,0.0,0.0,0.0,0.0,0.0,0.07,0.07,0.07,0.0,1.0,0.0,1.0,0,0,0.149272754788,0.0771305337548,0.480000019073,,,0
1580560118513906641,203,1580560118513566017,/camera_color_optical_frame,marker,0,7,0,0.0,0.0,0.0,0.0,0.0,0.0,0.0,0.07,0.07,0.07,0.0,1.0,0.0,1.0,0,0,0.149272754788,0.0771305337548,0.480000019073,,,0
1580560118574540530,204,1580560118574176073,/camera_color_optical_frame,marker,0,7,0,0.0,0.0,0.0,0.0,0.0,0.0,0.0,0.07,0.07,0.07,0.0,1.0,0.0,1.0,0,0,0.150938168168,0.0784944146872,0.482000023127,,,0
1580560118666535179,205,1580560118666289091,/camera_color_optical_frame,marker,0,7,0,0.0,0.0,0.0,0.0,0.0,0.0,0.0,0.07,0.07,0.07,0.0,1.0,0.0,1.0,0,0,0.153242900968,0.0791458189487,0.486000031233,,,0
1580560118715474547,206,1580560118715238094,/camera_color_optical_frame,marker,0,7,0,0.0,0.0,0.0,0.0,0.0,0.0,0.0,0.07,0.07,0.07,0.0,1.0,0.0,1.0,0,0,0.154388204217,0.0828359127045,0.483000010252,,,0
1580560118764613739,207,1580560118764218091,/camera_color_optical_frame,marker,0,7,0,0.0,0.0,0.0,0.0,0.0,0.0,0.0,0.07,0.07,0.07,0.0,1.0,0.0,1.0,0,0,0.154068559408,0.083706907928,0.482000023127,,,0
1580560118829351458,208,1580560118829077959,/camera_color_optical_frame,marker,0,7,0,0.0,0.0,0.0,0.0,0.0,0.0,0.0,0.07,0.07,0.07,0.0,1.0,0.0,1.0,0,0,0.156077459455,0.0831789150834,0.485000014305,,,0
1580560118881421179,209,1580560118880950927,/camera_color_optical_frame,marker,0,7,0,0.0,0.0,0.0,0.0,0.0,0.0,0.0,0.07,0.07,0.07,0.0,1.0,0.0,1.0,0,0,0.156803429127,0.0840542390943,0.48400002718,,,0
1580560118930698344,210,1580560118930341958,/camera_color_optical_frame,marker,0,7,0,0.0,0.0,0.0,0.0,0.0,0.0,0.0,0.07,0.07,0.07,0.0,1.0,0.0,1.0,0,0,0.161037996411,0.0856139138341,0.481000036001,,,0
1580560118982666417,211,1580560118982398033,/camera_color_optical_frame,marker,0,7,0,0.0,0.0,0.0,0.0,0.0,0.0,0.0,0.07,0.07,0.07,0.0,1.0,0.0,1.0,0,0,0.162079304457,0.0856139138341,0.481000036001,,,0
1580560119068079278,212,1580560119067831993,/camera_color_optical_frame,marker,0,7,0,0.0,0.0,0.0,0.0,0.0,0.0,0.0,0.07,0.07,0.07,0.0,1.0,0.0,1.0,0,0,0.164503186941,0.0868344008923,0.482000023127,,,0
1580560119118577517,213,1580560119118221044,/camera_color_optical_frame,marker,0,7,0,0.0,0.0,0.0,0.0,0.0,0.0,0.0,0.07,0.07,0.07,0.0,1.0,0.0,1.0,0,0,0.165898859501,0.0927031338215,0.480000019073,,,0
1580560119168294961,214,1580560119168061971,/camera_color_optical_frame,marker,0,7,0,0.0,0.0,0.0,0.0,0.0,0.0,0.0,0.07,0.07,0.07,0.0,1.0,0.0,1.0,0,0,0.166242420673,0.0933507159352,0.47800001502,,,0
1580560119237525207,215,1580560119237261056,/camera_color_optical_frame,marker,0,7,0,0.0,0.0,0.0,0.0,0.0,0.0,0.0,0.07,0.07,0.07,0.0,1.0,0.0,1.0,0,0,0.166242420673,0.0933507159352,0.47800001502,,,0
1580560119295517191,216,1580560119295213937,/camera_color_optical_frame,marker,0,7,0,0.0,0.0,0.0,0.0,0.0,0.0,0.0,0.07,0.07,0.07,0.0,1.0,0.0,1.0,0,0,0.166242420673,0.0943845659494,0.47800001502,,,0
1580560119377850489,217,1580560119377424955,/camera_color_optical_frame,marker,0,7,0,0.0,0.0,0.0,0.0,0.0,0.0,0.0,0.07,0.07,0.07,0.0,1.0,0.0,1.0,0,0,0.166590213776,0.0945820212364,0.479000031948,,,0
1580560119430342167,218,1580560119430038928,/camera_color_optical_frame,marker,0,7,0,0.0,0.0,0.0,0.0,0.0,0.0,0.0,0.07,0.07,0.07,0.0,1.0,0.0,1.0,0,0,0.166590213776,0.095618031919,0.479000031948,,,0
1580560119483051026,219,1580560119482646942,/camera_color_optical_frame,marker,0,7,0,0.0,0.0,0.0,0.0,0.0,0.0,0.0,0.07,0.07,0.07,0.0,1.0,0.0,1.0,0,0,0.169368371367,0.094976939261,0.481000036001,,,0
1580560119536745584,220,1580560119536437988,/camera_color_optical_frame,marker,0,7,0,0.0,0.0,0.0,0.0,0.0,0.0,0.0,0.07,0.07,0.07,0.0,1.0,0.0,1.0,0,0,0.170409664512,0.094976939261,0.481000036001,,,0
1580560119589301954,221,1580560119588983058,/camera_color_optical_frame,marker,0,7,0,0.0,0.0,0.0,0.0,0.0,0.0,0.0,0.07,0.07,0.07,0.0,1.0,0.0,1.0,0,0,0.173172771931,0.0989321693778,0.480000019073,,,0
1580560119645822529,222,1580560119645519971,/camera_color_optical_frame,marker,0,7,0,0.0,0.0,0.0,0.0,0.0,0.0,0.0,0.07,0.07,0.07,0.0,1.0,0.0,1.0,0,0,0.174255102873,0.100595161319,0.483000010252,,,0
1580560119717016759,223,1580560119716610908,/camera_color_optical_frame,marker,0,7,0,0.0,0.0,0.0,0.0,0.0,0.0,0.0,0.07,0.07,0.07,0.0,1.0,0.0,1.0,0,0,0.178437620401,0.101639822125,0.483000010252,,,0
1580560119778155861,224,1580560119777899980,/camera_color_optical_frame,marker,0,7,0,0.0,0.0,0.0,0.0,0.0,0.0,0.0,0.07,0.07,0.07,0.0,1.0,0.0,1.0,0,0,0.181276395917,0.102060690522,0.485000014305,,,0
1580560119833050361,225,1580560119832746028,/camera_color_optical_frame,marker,0,7,0,0.0,0.0,0.0,0.0,0.0,0.0,0.0,0.07,0.07,0.07,0.0,1.0,0.0,1.0,0,0,0.185858651996,0.104373425245,0.486000031233,,,0
1580560119882421999,226,1580560119882138967,/camera_color_optical_frame,marker,0,7,0,0.0,0.0,0.0,0.0,0.0,0.0,0.0,0.07,0.07,0.07,0.0,1.0,0.0,1.0,0,0,0.184806540608,0.105424575508,0.486000031233,,,0
1580560119934017117,227,1580560119933794021,/camera_color_optical_frame,marker,0,7,0,0.0,0.0,0.0,0.0,0.0,0.0,0.0,0.07,0.07,0.07,0.0,1.0,0.0,1.0,0,0,0.18901501596,0.10647572577,0.486000031233,,,0
1580560119981045614,228,1580560119980640888,/camera_color_optical_frame,marker,0,7,0,0.0,0.0,0.0,0.0,0.0,0.0,0.0,0.07,0.07,0.07,0.0,1.0,0.0,1.0,0,0,0.189403936267,0.107748121023,0.487000018358,,,0
1580560120056652693,229,1580560120056400060,/camera_color_optical_frame,marker,0,7,0,0.0,0.0,0.0,0.0,0.0,0.0,0.0,0.07,0.07,0.07,0.0,1.0,0.0,1.0,0,0,0.19685049355,0.113939374685,0.482000023127,,,0
1580560120110647739,230,1580560120110223054,/camera_color_optical_frame,marker,0,7,0,0.0,0.0,0.0,0.0,0.0,0.0,0.0,0.07,0.07,0.07,0.0,1.0,0.0,1.0,0,0,0.193076387048,0.116265080869,0.483000010252,,,0
1580560120161164829,231,1580560120160789012,/camera_color_optical_frame,marker,0,7,0,0.0,0.0,0.0,0.0,0.0,0.0,0.0,0.07,0.07,0.07,0.0,1.0,0.0,1.0,0,0,0.198715090752,0.116505801678,0.48400002718,,,0
1580560120215371148,232,1580560120215123891,/camera_color_optical_frame,marker,0,7,0,0.0,0.0,0.0,0.0,0.0,0.0,0.0,0.07,0.07,0.07,0.0,1.0,0.0,1.0,0,0,0.198715090752,0.117552623153,0.48400002718,,,0
1580560120274328220,233,1580560120274091005,/camera_color_optical_frame,marker,0,7,0,0.0,0.0,0.0,0.0,0.0,0.0,0.0,0.07,0.07,0.07,0.0,1.0,0.0,1.0,0,0,0.199762880802,0.117552623153,0.48400002718,,,0
1580560120326650303,234,1580560120326369047,/camera_color_optical_frame,marker,0,7,0,0.0,0.0,0.0,0.0,0.0,0.0,0.0,0.07,0.07,0.07,0.0,1.0,0.0,1.0,0,0,0.199762880802,0.117552623153,0.48400002718,,,0
1580560120374802916,235,1580560120374558925,/camera_color_optical_frame,marker,0,7,0,0.0,0.0,0.0,0.0,0.0,0.0,0.0,0.07,0.07,0.07,0.0,1.0,0.0,1.0,0,0,0.199125662446,0.117795497179,0.485000014305,,,0
1580560120429577639,236,1580560120429301977,/camera_color_optical_frame,marker,0,7,0,0.0,0.0,0.0,0.0,0.0,0.0,0.0,0.07,0.07,0.07,0.0,1.0,0.0,1.0,0,0,0.19953623414,0.119089528918,0.486000031233,,,0
1580560120492200952,237,1580560120491919994,/camera_color_optical_frame,marker,0,7,0,0.0,0.0,0.0,0.0,0.0,0.0,0.0,0.07,0.07,0.07,0.0,1.0,0.0,1.0,0,0,0.199946790934,0.119334563613,0.487000018358,,,0
1580560120571390775,238,1580560120571146965,/camera_color_optical_frame,marker,0,7,0,0.0,0.0,0.0,0.0,0.0,0.0,0.0,0.07,0.07,0.07,0.0,1.0,0.0,1.0,0,0,0.200767934322,0.119824647903,0.489000022411,,,0
1580560120623153204,239,1580560120622908115,/camera_color_optical_frame,marker,0,7,0,0.0,0.0,0.0,0.0,0.0,0.0,0.0,0.07,0.07,0.07,0.0,1.0,0.0,1.0,0,0,0.205002397299,0.121939919889,0.489000022411,,,0
1580560120676892963,240,1580560120676606893,/camera_color_optical_frame,marker,0,7,0,0.0,0.0,0.0,0.0,0.0,0.0,0.0,0.07,0.07,0.07,0.0,1.0,0.0,1.0,0,0,0.205002397299,0.121939919889,0.489000022411,,,0
1580560120727692019,241,1580560120727312088,/camera_color_optical_frame,marker,0,7,0,0.0,0.0,0.0,0.0,0.0,0.0,0.0,0.07,0.07,0.07,0.0,1.0,0.0,1.0,0,0,0.204163938761,0.122494503856,0.487000018358,,,0
1580560120782340507,242,1580560120781929016,/camera_color_optical_frame,marker,0,7,0,0.0,0.0,0.0,0.0,0.0,0.0,0.0,0.07,0.07,0.07,0.0,1.0,0.0,1.0,0,0,0.202885165811,0.122997559607,0.489000022411,,,0
1580560120860534286,243,1580560120860268115,/camera_color_optical_frame,marker,0,7,0,0.0,0.0,0.0,0.0,0.0,0.0,0.0,0.07,0.07,0.07,0.0,1.0,0.0,1.0,0,0,0.203300058842,0.124308891594,0.490000009537,,,0
1580560120911544097,244,1580560120911174058,/camera_color_optical_frame,marker,0,7,0,0.0,0.0,0.0,0.0,0.0,0.0,0.0,0.07,0.07,0.07,0.0,1.0,0.0,1.0,0,0,0.203943789005,0.125112831593,0.489000022411,,,0
1580560120962198960,245,1580560120961956024,/camera_color_optical_frame,marker,0,7,0,0.0,0.0,0.0,0.0,0.0,0.0,0.0,0.07,0.07,0.07,0.0,1.0,0.0,1.0,0,0,0.203943789005,0.125112831593,0.489000022411,,,0
1580560121013972638,246,1580560121013695955,/camera_color_optical_frame,marker,0,7,0,0.0,0.0,0.0,0.0,0.0,0.0,0.0,0.07,0.07,0.07,0.0,1.0,0.0,1.0,0,0,0.204777911305,0.125624552369,0.491000026464,,,0
1580560121083722455,247,1580560121083440065,/camera_color_optical_frame,marker,0,7,0,0.0,0.0,0.0,0.0,0.0,0.0,0.0,0.07,0.07,0.07,0.0,1.0,0.0,1.0,0,0,0.204129859805,0.125880390406,0.49200001359,,,0
1580560121141358195,248,1580560121140985965,/camera_color_optical_frame,marker,0,7,0,0.0,0.0,0.0,0.0,0.0,0.0,0.0,0.07,0.07,0.07,0.0,1.0,0.0,1.0,0,0,0.205194965005,0.12694452703,0.49200001359,,,0
1580560121201284041,249,1580560121200778961,/camera_color_optical_frame,marker,0,7,0,0.0,0.0,0.0,0.0,0.0,0.0,0.0,0.07,0.07,0.07,0.0,1.0,0.0,1.0,0,0,0.206029102206,0.127460569143,0.494000017643,,,0
1580560121254369014,250,1580560121254079103,/camera_color_optical_frame,marker,0,7,0,0.0,0.0,0.0,0.0,0.0,0.0,0.0,0.07,0.07,0.07,0.0,1.0,0.0,1.0,0,0,0.206446170807,0.127718582749,0.495000034571,,,0
1580560121306331315,251,1580560121306061983,/camera_color_optical_frame,marker,0,7,0,0.0,0.0,0.0,0.0,0.0,0.0,0.0,0.07,0.07,0.07,0.0,1.0,0.0,1.0,0,0,0.206446170807,0.127718582749,0.495000034571,,,0
1580560121359419142,252,1580560121358974933,/camera_color_optical_frame,marker,0,7,0,0.0,0.0,0.0,0.0,0.0,0.0,0.0,0.07,0.07,0.07,0.0,1.0,0.0,1.0,0,0,0.205789446831,0.129049375653,0.496000021696,,,0
1580560121410905416,253,1580560121410471916,/camera_color_optical_frame,marker,0,7,0,0.0,0.0,0.0,0.0,0.0,0.0,0.0,0.07,0.07,0.07,0.0,1.0,0.0,1.0,0,0,0.204052478075,0.132534384727,0.497000008821,,,0
1580560121486789887,254,1580560121486468076,/camera_color_optical_frame,marker,0,7,0,0.0,0.0,0.0,0.0,0.0,0.0,0.0,0.07,0.07,0.07,0.0,1.0,0.0,1.0,0,0,0.207449033856,0.130090087652,0.5,,,0
1580560121599459593,255,1580560121599215030,/camera_color_optical_frame,marker,0,7,0,0.0,0.0,0.0,0.0,0.0,0.0,0.0,0.07,0.07,0.07,0.0,1.0,0.0,1.0,0,0,0.206619247794,0.133878156543,0.498000025749,,,0
1580560121653942383,256,1580560121653508901,/camera_color_optical_frame,marker,0,7,0,0.0,0.0,0.0,0.0,0.0,0.0,0.0,0.07,0.07,0.07,0.0,1.0,0.0,1.0,0,0,0.210033133626,0.134684666991,0.50100004673,,,0
1580560121743058985,257,1580560121742774963,/camera_color_optical_frame,marker,0,7,0,0.0,0.0,0.0,0.0,0.0,0.0,0.0,0.07,0.07,0.07,0.0,1.0,0.0,1.0,0,0,0.209613889456,0.135497242212,0.5,,,0
1580560121816274403,258,1580560121816015958,/camera_color_optical_frame,marker,0,7,0,0.0,0.0,0.0,0.0,0.0,0.0,0.0,0.07,0.07,0.07,0.0,1.0,0.0,1.0,0,0,0.211539119482,0.136039242148,0.502000033855,,,0
1580560121879224793,259,1580560121878884077,/camera_color_optical_frame,marker,0,7,0,0.0,0.0,0.0,0.0,0.0,0.0,0.0,0.07,0.07,0.07,0.0,1.0,0.0,1.0,0,0,0.210871577263,0.136310234666,0.503000020981,,,0
1580560121934950553,260,1580560121934695959,/camera_color_optical_frame,marker,0,7,0,0.0,0.0,0.0,0.0,0.0,0.0,0.0,0.07,0.07,0.07,0.0,1.0,0.0,1.0,0,0,0.211960509419,0.136310234666,0.503000020981,,,0
1580560121993983029,261,1580560121993668079,/camera_color_optical_frame,marker,0,7,0,0.0,0.0,0.0,0.0,0.0,0.0,0.0,0.07,0.07,0.07,0.0,1.0,0.0,1.0,0,0,0.211960509419,0.135222315788,0.503000020981,,,0
1580560122052059206,262,1580560122051779985,/camera_color_optical_frame,marker,0,7,0,0.0,0.0,0.0,0.0,0.0,0.0,0.0,0.07,0.07,0.07,0.0,1.0,0.0,1.0,0,0,0.211960509419,0.135222315788,0.503000020981,,,0
1580560122110926722,263,1580560122110620975,/camera_color_optical_frame,marker,0,7,0,0.0,0.0,0.0,0.0,0.0,0.0,0.0,0.07,0.07,0.07,0.0,1.0,0.0,1.0,0,0,0.212381899357,0.135491147637,0.504000008106,,,0
1580560122197139698,264,1580560122196759939,/camera_color_optical_frame,marker,0,7,0,0.0,0.0,0.0,0.0,0.0,0.0,0.0,0.07,0.07,0.07,0.0,1.0,0.0,1.0,0,0,0.211960509419,0.135222315788,0.503000020981,,,0
1580560122254281953,265,1580560122253995895,/camera_color_optical_frame,marker,0,7,0,0.0,0.0,0.0,0.0,0.0,0.0,0.0,0.07,0.07,0.07,0.0,1.0,0.0,1.0,0,0,0.212381899357,0.135491147637,0.504000008106,,,0
1580560122314361363,266,1580560122314037084,/camera_color_optical_frame,marker,0,7,0,0.0,0.0,0.0,0.0,0.0,0.0,0.0,0.07,0.07,0.07,0.0,1.0,0.0,1.0,0,0,0.210871577263,0.135222315788,0.503000020981,,,0
1580560122386334138,267,1580560122385947942,/camera_color_optical_frame,marker,0,7,0,0.0,0.0,0.0,0.0,0.0,0.0,0.0,0.07,0.07,0.07,0.0,1.0,0.0,1.0,0,0,0.212381899357,0.135491147637,0.504000008106,,,0
1580560122443316920,268,1580560122442945003,/camera_color_optical_frame,marker,0,7,0,0.0,0.0,0.0,0.0,0.0,0.0,0.0,0.07,0.07,0.07,0.0,1.0,0.0,1.0,0,0,0.210871577263,0.136310234666,0.503000020981,,,0
1580560122536003060,269,1580560122535707950,/camera_color_optical_frame,marker,0,7,0,0.0,0.0,0.0,0.0,0.0,0.0,0.0,0.07,0.07,0.07,0.0,1.0,0.0,1.0,0,0,0.210871577263,0.135222315788,0.503000020981,,,0
1580560122618715201,270,1580560122618395090,/camera_color_optical_frame,marker,0,7,0,0.0,0.0,0.0,0.0,0.0,0.0,0.0,0.07,0.07,0.07,0.0,1.0,0.0,1.0,0,0,0.210452362895,0.136039242148,0.502000033855,,,0
1580560122689346175,271,1580560122688941001,/camera_color_optical_frame,marker,0,7,0,0.0,0.0,0.0,0.0,0.0,0.0,0.0,0.07,0.07,0.07,0.0,1.0,0.0,1.0,0,0,0.210871577263,0.135222315788,0.503000020981,,,0
1580560122752399521,272,1580560122752068042,/camera_color_optical_frame,marker,0,7,0,0.0,0.0,0.0,0.0,0.0,0.0,0.0,0.07,0.07,0.07,0.0,1.0,0.0,1.0,0,0,0.210871577263,0.135222315788,0.503000020981,,,0
1580560122806296340,273,1580560122805967092,/camera_color_optical_frame,marker,0,7,0,0.0,0.0,0.0,0.0,0.0,0.0,0.0,0.07,0.07,0.07,0.0,1.0,0.0,1.0,0,0,0.210452362895,0.136039242148,0.502000033855,,,0
1580560122863724391,274,1580560122863454103,/camera_color_optical_frame,marker,0,7,0,0.0,0.0,0.0,0.0,0.0,0.0,0.0,0.07,0.07,0.07,0.0,1.0,0.0,1.0,0,0,0.210452362895,0.136039242148,0.502000033855,,,0
1580560122956289102,275,1580560122956048965,/camera_color_optical_frame,marker,0,7,0,0.0,0.0,0.0,0.0,0.0,0.0,0.0,0.07,0.07,0.07,0.0,1.0,0.0,1.0,0,0,0.210871577263,0.136310234666,0.503000020981,,,0
1580560123012634889,276,1580560123012393951,/camera_color_optical_frame,marker,0,7,0,0.0,0.0,0.0,0.0,0.0,0.0,0.0,0.07,0.07,0.07,0.0,1.0,0.0,1.0,0,0,0.208948552608,0.135768249631,0.50100004673,,,0
1580560123064769000,277,1580560123064519882,/camera_color_optical_frame,marker,0,7,0,0.0,0.0,0.0,0.0,0.0,0.0,0.0,0.07,0.07,0.07,0.0,1.0,0.0,1.0,0,0,0.211117744446,0.135768249631,0.50100004673,,,0
1580560123125483274,278,1580560123125142097,/camera_color_optical_frame,marker,0,7,0,0.0,0.0,0.0,0.0,0.0,0.0,0.0,0.07,0.07,0.07,0.0,1.0,0.0,1.0,0,0,0.211117744446,0.135768249631,0.50100004673,,,0
1580560123176450254,279,1580560123176091909,/camera_color_optical_frame,marker,0,7,0,0.0,0.0,0.0,0.0,0.0,0.0,0.0,0.07,0.07,0.07,0.0,1.0,0.0,1.0,0,0,0.210452362895,0.136039242148,0.502000033855,,,0
1580560123226696169,280,1580560123226412057,/camera_color_optical_frame,marker,0,7,0,0.0,0.0,0.0,0.0,0.0,0.0,0.0,0.07,0.07,0.07,0.0,1.0,0.0,1.0,0,0,0.211539119482,0.136039242148,0.502000033855,,,0
1580560123281977020,281,1580560123281486034,/camera_color_optical_frame,marker,0,7,0,0.0,0.0,0.0,0.0,0.0,0.0,0.0,0.07,0.07,0.07,0.0,1.0,0.0,1.0,0,0,0.211117744446,0.135768249631,0.50100004673,,,0
1580560123341969518,282,1580560123341717958,/camera_color_optical_frame,marker,0,7,0,0.0,0.0,0.0,0.0,0.0,0.0,0.0,0.07,0.07,0.07,0.0,1.0,0.0,1.0,0,0,0.21118311584,0.136835306883,0.509000003338,,,0
1580560123393231924,283,1580560123392849922,/camera_color_optical_frame,marker,0,7,0,0.0,0.0,0.0,0.0,0.0,0.0,0.0,0.07,0.07,0.07,0.0,1.0,0.0,1.0,0,0,0.21727065742,0.140717148781,0.532000005245,,,0
